Mississippi,Ridgeland, Renaissance at Colony Park
Oklahoma,Oklahoma City, Penn Square
Oklahoma,Tulsa, Woodland Hills
Delaware,Newark, Christiana Mall
Minnesota,Bloomington, Mall of America
Minnesota,Edina, Southdale
Minnesota,Minneapolis, Uptown
Minnesota,Minnetonka, Ridgedale
Minnesota,Roseville, Rosedale Center
Illinois,Chicago, Lincoln Park
Illinois,Chicago, North Michigan Avenue
Illinois,Deer Park, Deer Park
Illinois,Naperville, Main Place
Illinois,Northbrook, Northbrook
Illinois,Oak Brook, Oakbrook
Illinois,Orland Park, Orland Square Mall
Illinois,Schaumburg, Woodfield
Illinois,Skokie, Old Orchard
Arkansas,Little Rock, The Promenade at Chenal
New Mexico,Albuquerque, ABQ Uptown
Indiana,Indianapolis, The Fashion Mall at Keystone
Indiana,Mishawaka, University Park Mall
Maryland,Annapolis, Annapolis
Maryland,Bethesda, Bethesda Row
Maryland,Bethesda, Montgomery Mall
Maryland,Columbia, Columbia
Maryland,Towson, Towson Town Center
Louisiana,Baton Rouge, Mall of Louisiana
Louisiana,Metairie, Lakeside Shopping Center
Idaho,Boise, Boise Towne Square
Tennessee,Franklin, CoolSprings Galleria
Tennessee,Germantown, Saddle Creek
Tennessee,Knoxville, West Town Mall
Tennessee,Nashville, Green Hills
Arizona,Chandler, Chandler Fashion Center
Arizona,Gilbert, SanTan Village
Arizona,Glendale, Arrowhead
Arizona,Phoenix, Biltmore
Arizona,Scottsdale, Scottsdale Quarter
Arizona,Tucson, La Encantada
Iowa,West Des Moines, Jordan Creek
Michigan,Ann Arbor, Briarwood
Michigan,Clinton Township, Partridge Creek
Michigan,Grand Rapids, Woodland
Michigan,Lansing, Eastwood Towne Center
Michigan,Novi, Twelve Oaks
Michigan,Troy, Somerset
Kansas,Leawood, Leawood
Utah,Farmington, Station Park
Utah,Murray, Fashion Place
Utah,Salt Lake City, City Creek Center
Virginia,Arlington, Clarendon
Virginia,Arlington, Pentagon City
Virginia,Fairfax, Fair Oaks
Virginia,McLean, Tysons Corner
Virginia,Norfolk, MacArthur Center
Virginia,Reston, Reston
Virginia,Richmond, Short Pump Town Center
Virginia,Virginia Beach, Lynnhaven Mall
Virginia,Woodbridge, Potomac Town Center
Oregon,Portland, Pioneer Place
Oregon,Tigard, Bridgeport Village
Oregon,Tigard, Washington Square
Connecticut,Danbury, Danbury Fair Mall
Connecticut,Farmington, Westfarms
Connecticut,Greenwich, Greenwich Avenue
Connecticut,New Haven, New Haven
Connecticut,South Windsor, Evergreen Walk
Connecticut,Stamford, Stamford
Connecticut,Trumbull, Trumbull
New York,Albany, Crossgates
New York,Brooklyn, Williamsburg
New York,Buffalo, Walden Galleria
New York,Elmhurst, Queens Center
New York,Garden City, Roosevelt Field
New York,Huntington Station, Walt Whitman
New York,Lake Grove, Smith Haven
New York,Manhasset, Manhasset
New York,Nanuet, Nanuet
New York,New York, Fifth Avenue
New York,New York, Grand Central
New York,New York, SoHo
New York,New York, Upper East Side
New York,New York, Upper West Side
New York,New York, West 14th Street
New York,New York, World Trade Center
New York,Staten Island, Staten Island
New York,Syracuse, Syracuse
New York,Victor, Eastview
New York,White Plains, The Westchester
New York,Yonkers, Ridge Hill
California,Bakersfield, Valley Plaza
California,Berkeley, 4th Street
California,Brea, Brea Mall
California,Burlingame, Burlingame
California,Canoga Park, Topanga
California,Carlsbad, Carlsbad
California,Cerritos, Los Cerritos
California,Chula Vista, Otay Ranch
California,Corte Madera, Corte Madera
California,Costa Mesa, South Coast Plaza
California,Cupertino, Infinite Loop
California,Emeryville, Bay Street
California,Escondido, North County
California,Fresno, Fashion Fair
California,Glendale, Glendale Galleria
California,Glendale, The Americana at Brand
California,Irvine, Irvine Spectrum Center
California,Los Angeles, Beverly Center
California,Los Angeles, Century City
California,Los Angeles, The Grove
California,Los Gatos, Los Gatos
California,Manhattan Beach, Manhattan Village
California,Mission Viejo, Mission Viejo
California,Modesto, Vintage Faire
California,Monterey, Del Monte
California,Newport Beach, Fashion Island
California,Northridge, Northridge
California,Palm Desert, El Paseo Village
California,Palo Alto, Palo Alto
California,Palo Alto, Stanford
California,Pasadena, Pasadena
California,Pleasanton, Stoneridge Mall
California,Rancho Cucamonga, Victoria Gardens
California,Roseville, Roseville
California,Sacramento, Arden Fair
California,San Diego, Fashion Valley
California,San Diego, UTC
California,San Francisco, Chestnut Street
California,San Francisco, Stonestown
California,San Francisco, Union Square
California,San Jose, Oakridge
California,San Luis Obispo, Higuera Street
California,San Mateo, Hillsdale
California,Santa Barbara, State Street
California,Santa Clara, Valley Fair
California,Santa Monica, Third Street Promenade
California,Santa Rosa, Santa Rosa Plaza
California,Sherman Oaks, Sherman Oaks
California,Simi Valley, Simi Valley
California,Temecula, Promenade Temecula
California,Thousand Oaks, The Oaks
California,Valencia, Valencia Town Center
California,Walnut Creek, Walnut Creek
Massachusetts,Boston, Boylston Street
Massachusetts,Braintree, South Shore
Massachusetts,Burlington, Burlington
Massachusetts,Cambridge, CambridgeSide
Massachusetts,Chestnut Hill, Chestnut Hill
Massachusetts,Dedham, Legacy Place
Massachusetts,Hingham, Derby Street
Massachusetts,Holyoke, Holyoke
Massachusetts,Lynnfield, MarketStreet
Massachusetts,Marlborough, Solomon Pond Mall
Massachusetts,Natick, Natick Collection
South Carolina,Charleston, King Street
South Carolina,Greenville, Haywood Mall
New Hampshire,Manchester, The Mall of New Hampshire
New Hampshire,Nashua, Pheasant Lane
New Hampshire,Salem, Rockingham Park
Wisconsin,Glendale, Bayshore
Wisconsin,Madison, West Towne
Wisconsin,Wauwatosa, Mayfair
Georgia,Alpharetta, North Point
Georgia,Atlanta, Cumberland Mall
Georgia,Atlanta, Lenox Square
Georgia,Atlanta, Perimeter
Georgia,Augusta, Augusta
Georgia,Buford, Mall of Georgia
Pennsylvania,Ardmore, Suburban Square
Pennsylvania,King of Prussia, King of Prussia
Pennsylvania,Lancaster, Park City
Pennsylvania,Philadelphia, Walnut Street
Pennsylvania,Pittsburgh, Ross Park
Pennsylvania,Pittsburgh, Shadyside
Pennsylvania,Pittsburgh, South Hills Village
Pennsylvania,Whitehall, Lehigh Valley
Pennsylvania,Willow Grove, Willow Grove Park
Florida,Altamonte Springs, Altamonte
Florida,Aventura, Aventura
Florida,Boca Raton, Boca Raton
Florida,Brandon, Brandon
Florida,Estero, Coconut Point
Florida,Fort Lauderdale, The Galleria
Florida,Jacksonville, St. Johns Town Center
Florida,Miami Beach, Lincoln Road
Florida,Miami, Dadeland
Florida,Miami, The Falls
Florida,Naples, Waterside Shops
Florida,Orlando, Florida Mall
Florida,Orlando, Millenia
Florida,Palm Beach Gardens, The Gardens Mall
Florida,Sarasota, University Town Center
Florida,Tampa, International Plaza
Florida,Wellington, Wellington Green
Alaska,Anchorage, Anchorage 5th Avenue Mall
Kentucky,Lexington, Fayette Mall
Kentucky,Louisville, Oxmoor
Hawaii,Honolulu, Ala Moana
Hawaii,Honolulu, Kahala
Hawaii,Honolulu, Royal Hawaiian
Nebraska,Omaha, Village Pointe
Missouri,Kansas City, Country Club Plaza
Missouri,St. Louis, Saint Louis Galleria
Missouri,St. Louis, West County
Ohio,Akron, Summit Mall
Ohio,Beavercreek, The Greene
Ohio,Cincinnati, Kenwood Towne Centre
Ohio,Columbus, Easton Town Center
Ohio,Columbus, Polaris Fashion Place
Ohio,Toledo, Franklin Park Mall
Ohio,Westlake, Crocker Park
Ohio,Woodmere, Eton
Alabama,Birmingham, The Summit
Alabama,Huntsville, Bridge Street
Rhode Island,Providence, Providence Place
South Australia,Rundle Place,
Western Australia,Garden City Perth,
Western Australia,Perth City,
Colorado,Boulder, Twenty Ninth Street
Colorado,Broomfield, FlatIron Crossing
Colorado,Colorado Springs, The Promenade Shops at Briargate
Colorado,Denver, Cherry Creek
Colorado,Littleton, Aspen Grove
Colorado,Lone Tree, Park Meadows
New Jersey,Atlantic City, The Pier
New Jersey,Bridgewater, Bridgewater
New Jersey,Cherry Hill, Cherry Hill
New Jersey,Edison, Menlo Park
New Jersey,Freehold, Freehold Raceway Mall
New Jersey,Lawrence Township, Quaker Bridge
New Jersey,Marlton, Sagemore
New Jersey,Paramus, Garden State Plaza
New Jersey,Rockaway, Rockaway
New Jersey,Short Hills, Short Hills
New Jersey,Wayne, Willowbrook
New Jersey,Woodcliff Lake, Tice's Corner
Washington,Bellevue, Bellevue Square
Washington,Lynnwood, Alderwood Mall
Washington,Seattle, University Village
Washington,Spokane, River Park Square
Washington,Tacoma, Tacoma Mall
Washington,Tukwila, Southcenter
North Carolina,Charlotte, Northlake Mall
North Carolina,Charlotte, SouthPark
North Carolina,Durham, Southpoint
North Carolina,Greensboro, Friendly Center
North Carolina,Raleigh, Crabtree Valley Mall
District of Columbia,Washington, Georgetown
Texas,Austin, Barton Creek
Texas,Austin, The Domain
Texas,Dallas, Knox Street
Texas,Dallas, NorthPark Center
Texas,El Paso, Cielo Vista Mall
Texas,Fort Worth, University Park Village
Texas,Friendswood, Baybrook
Texas,Frisco, Stonebriar
Texas,Houston, Highland Village
Texas,Houston, Houston Galleria
Texas,Houston, Memorial City
Texas,Houston, Willowbrook Mall
Texas,Plano, Willow Bend
Texas,San Antonio, La Cantera
Texas,San Antonio, North Star
Texas,Southlake, Southlake Town Square
Texas,Sugar Land, First Colony Mall
Texas,The Woodlands, The Woodlands
Nevada,Las Vegas, Fashion Show
Nevada,Las Vegas, Summerlin
Nevada,Las Vegas, The Forum Shops
Nevada,Las Vegas, Town Square
Nevada,Reno, Summit Sierra
Maine,South Portland, Maine Mall